{
  "baseline": {
    "best_model": "Logistic Regression",
    "best_f1": 0.9794776119402985,
    "variants": {
      "Logistic Regression": {
        "accuracy": 0.9804096170970614,
        "precision": 0.9782608695652174,
        "recall": 0.9806973848069739,
        "f1": 0.9794776119402985
      },
      "Naive Bayes": {
        "accuracy": 0.9571089344018997,
        "precision": 0.9617693522906793,
        "recall": 0.9476961394769614,
        "f1": 0.9546808844284146
      }
    }
  },
  "roberta": {
    "accuracy": 0.9519145146927872,
    "precision": 0.9601657106437221,
    "recall": 0.9380448318804483,
    "f1": 0.9489763779527559
  }
}